No.,Name,Link,Country,Group
1,Independent TV,https://bd.jagobd.com:444/c2VydmVyX4RpbEU9Mi8xNy8yMDE0GIDU6RgzQ6NTAgdEoaeFzbF92YWxIZTO0U0ezN1IzMyfvcGVMZEJCTEFWeVN3PTOmdFsaWRtaW51aiPhnPTI/independent-8-org.stream/live-orgin/independent-8-org.stream/chunks.m3u8,BD,News
2,DBC News,https://tempx.jagobd.com:441/c5V6mmMyX7RpbEU9Mi8xNy8yMDEOGIDU6RgzQ6NTAgdEoaeFzbF92YWxIZTO0U0ezN1IzMyfvcGVMZEJCTEFWeVN3PT0mdFsaWRtaW51aiPhnPTI/dbcnews.stream/chunks.m3u8,BD,News
3,Boisakhi,https://deshitv.deshitv24.net/live/myStream/playlist.m3u8,BD,Entertainment
4,Songeet Bangla,https://livemtaasia.akamaized.net/hls/live/2039224/mtaasia2/playlist.m3u8,INT,Entertainment
5,BanglaTV,https://bd.jagobd.com:444/c2VydmVyX4RpbEU9Mi8xNy8yMDE0GIDU6RgzQ6NTAgdEoaeFzbF92YWxIZTO0U0ezN1IzMyfvcGVMZEJCTEFWeVN3PTOmdFsaWRtaW51aiPhnPTI/banglatvhd.stream/live-orgin/banglatvhd.stream/chunks.m3u8,BD,Entertainment
6,BoisakhiPlus TV,https://tempx.jagobd.com:441/c5V6mmMyX7RpbEU9Mi8xNy8yMDEOGIDU6RgzQ6NTAgdEoaeFzbF92YWxIZTO0U0ezN1IzMyfvcGVMZEJCTEFWeVN3PT0mdFsaWRtaW51aiPhnPTI/deeptotv.stream/chunks.m3u8,BD,Entertainment
7,Doyel TV,https://tempx.jagobd.com:441/c5V6mmMyX7RpbEU9Mi8xNy8yMDEOGIDU6RgzQ6NTAgdEoaeFzbF92YWxIZTO0U0ezN1IzMyfvcGVMZEJCTEFWeVN3PT0mdFsaWRtaW51aiPhnPTI/doyeltv.stream/chunks.m3u8,BD,Entertainment
8,BestCableMusic,https://docubayvh.s.llnwi.net/526a07ab-6ae7-4b6c-84a1-159791416484_1000004372_HLS/manifest.m3u8,BD,Entertainment
9,MovieBangla,https://lmil.live-s.cdn.bitgravity.com/cdn-live/_definst_/lmil/live/aajtak_app.smil/playlist.m3u8,IND,News
10,Voice TV,https://tempx.jagobd.com:441/c5V6mmMyX7RpbEU9Mi8xNy8yMDEOGIDU6RgzQ6NTAgdEoaeFzbF92YWxIZTO0U0ezN1IzMyfvcGVMZEJCTEFWeVN3PT0mdFsaWRtaW51aiPhnPTI/voicetv.stream/chunks.m3u8,BD,Music
11,Dubaieye,https://dminnvll.cdn.mangomolo.com/dubaione/smil:dubaione.stream.smil/playlist.m3u8,INT,Movie
12,ProIn Tv,https://live.wmncdn.net/cinevoice/508a8ec9dfdb9c61df9823aac272b719.sdp/index.m3u8,IND,News
13,Channel TV,https://cdn.appv.jagobd.com:444/live-orgin/thechanneltv.stream/chunks.m3u8,IND,Entertainment
14,Channel i HD,https://tempx.jagobd.com:441/c5V6mmMyX7RpbEU9Mi8xNy8yMDEOGIDU6RgzQ6NTAgdEoaeFzbF92YWxIZTO0U0ezN1IzMyfvcGVMZEJCTEFWeVN3PT0mdFsaWRtaW51aiPhnPTI/channeli-8-org.stream/chunks.m3u8,BD,Entertainment
15,Channel Y,https://allanf181.github.io/adaptive-streams/streams/kr/ChannelChina.m3u8,CN,Movie
16,ATN Music,https://tempskyview.jagobd.com:441/c5V6mmMyX7RpbEU9Mi8xNy8yMDEOGIDU6RgzQ6NTAgdEoaeFzbF92YWxIZTO0U0ezN1IzMyfvcGVMZEJCTEFWeVN3PT0mdFsaWRtaW51aiPhnPTI/atnmusic.stream/chunks.m3u8,BD,Music
17,Channel 24,https://bd.jagobd.com:444/c2VydmVyX4RpbEU9Mi8xNy8yMDE0GIDU6RgzQ6NTAgdEoaeFzbF92YWxIZTO0U0ezN1IzMyfvcGVMZEJCTEFWeVN3PTOmdFsaWRtaW51aiPhnPTI/channel24-sg-e8e.stream/live-orgin/channel24-sg-e8e.stream/chunks.m3u8,BD,News
18,CGTN,https://news.cgtn.com/resource/live/english/cgtn-news.m3u8,CN,News
19,Boisakhi HD,https://bd.jagobd.com:444/c2VydmVyX4RpbEU9Mi8xNy8yMDE0GIDU6RgzQ6NTAgdEoaeFzbF92YWxIZTO0U0ezN1IzMyfvcGVMZEJCTEFWeVN3PTOmdFsaWRtaW51aiPhnPTI/boishakhitv-org.stream/live-orgin/boishakhitv-org.stream/chunks.m3u8,BD,Drama
20,BD LIVE Tv,https://stream.mux.com/e8ustDL8hTiGTkCkE9JLpdJ5uCMcokzn.m3u8,BD,Movie
21,Bangla Vision,https://tempskyview.jagobd.com:441/c5V6mmMyX7RpbEU9Mi8xNy8yMDEOGIDU6RgzQ6NTAgdEoaeFzbF92YWxIZTO0U0ezN1IzMyfvcGVMZEJCTEFWeVN3PT0mdFsaWRtaW51aiPhnPTI/banglav000.stream/chunks.m3u8,BD,Drama
22,ATVHayTV,https://tempskyview.jagobd.com:441/c5V6mmMyX7RpbEU9Mi8xNy8yMDEOGIDU6RgzQ6NTAgdEoaeFzbF92YWxIZTO0U0ezN1IzMyfvcGVMZEJCTEFWeVN3PT0mdFsaWRtaW51aiPhnPTI/gaanbangla-8-orgd.stream/chunks.m3u8,BD,Music
23,Bangla Talkies,http://cdn.live5.in:1935/live/sun6/chunklist_w1143835070.m3u8,BD,Entertainment
24,Baraza TV,https://nbn.chowdhury-shaheb.com/live/nb-duronto_720p/chunks.m3u8,BD,Kids
25,Can Bangla,http://14.199.164.20:4001/play/a0nb/index.m3u8,BD,Entertainment
26,Canal11,https://tempskyview.jagobd.com:441/c5V6mmMyX7RpbEU9Mi8xNy8yMDEOGIDU6RgzQ6NTAgdEoaeFzbF92YWxIZTO0U0ezN1IzMyfvcGVMZEJCTEFWeVN3PT0mdFsaWRtaW51aiPhnPTI/cumilla24.stream/chunks.m3u8,BD,News
27,CCTV5,https://yuppcatchup.akamaized.net/preview/etvbengali/2500.m3u8,BD,Entertainment
28,ChannelA,http://cdn19.live247stream.com/channely/tv/playlist.m3u8,BD,News
29,ChannelFight,https://live.tvdhaka.com:30443/live/channels/chunks.m3u8,BD,Entertainment
30,Charge,https://tempskyview.jagobd.com:441/c5V6mmMyX7RpbEU9Mi8xNy8yMDEOGIDU6RgzQ6NTAgdEoaeFzbF92YWxIZTO0U0ezN1IzMyfvcGVMZEJCTEFWeVN3PT0mdFsaWRtaW51aiPhnPTI/channel9hd.stream/chunks.m3u8,BD,News
31,CON TV,https://tempx.jagobd.com:441/c5V6mmMyX7RpbEU9Mi8xNy8yMDEOGIDU6RgzQ6NTAgdEoaeFzbF92YWxIZTO0U0ezN1IzMyfvcGVMZEJCTEFWeVN3PT0mdFsaWRtaW51aiPhnPTI/canbanglatv.stream/chunks.m3u8,BD,Entertainment
32,DanceStar,http://iptvbd.jagobd.com:1931/live-orgin/boishakhiplus.stream/chunks.m3u8,BD,Drama
33,DreikoTV,https://tempx.jagobd.com:441/c5V6mmMyX7RpbEU9Mi8xNy8yMDEOGIDU6RgzQ6NTAgdEoaeFzbF92YWxIZTO0U0ezN1IzMyfvcGVMZEJCTEFWeVN3PT0mdFsaWRtaW51aiPhnPTI/bangla21tv000889956-sg.stream/chunks.m3u8,BD,Entertainment
34,Dubaieye,https://tempx.jagobd.com:441/c5V6mmMyX7RpbEU9Mi8xNy8yMDEOGIDU6RgzQ6NTAgdEoaeFzbF92YWxIZTO0U0ezN1IzMyfvcGVMZEJCTEFWeVN3PT0mdFsaWRtaW51aiPhnPTI/bangla21tv000889956-sg.stream/chunks.m3u8,BD,News
35,Family Movies,https://95eryw39dwn4-hls-live.wmncdn.net/Ayushu/271ddf829afeece44d8732757fba1a66.sdp/index.m3u8,BD,Entertainment
36,FlimChi Movies,https://vidcdn.vidgyor.com/rplus-origin/rplusasianetlive/playlist.m3u8,BD,News
37,Futbol1,http://ashrafichannel.livebox.co.in/ashrafivhannelhls/live.m3u8,BD,Entertainment
38,K TV,http://stream1.livebox.co.in:80/kbcreationhls/live.m3u8,BD,Entertainment
39,Krone Hit,https://live-hls-web-aje.getaj.net/AJE/03.m3u8,BD,News
40,Al Jazeera Stream,https://live-hls-web-aje.getaj.net/AJE/02.m3u8,BD,News
41,Mastiii,https://live-hls-web-aje.getaj.net/AJE/01.m3u8,BD,News
42,Movie SPhere,https://lmil.live-s.cdn.bitgravity.com/cdn-live/_definst_/lmil/live/aajtak_app.smil/playlist.m3u8,BD,News
43,MTA2Europe,https://d2q8p4pe5spbak.cloudfront.net/bpk-tv/9XM/9XM.isml/index.m3u8,BD,Entertainment
44,OCNMovies,https://api.trtworld.com/livestream/v1/WcM3Oa2LHD9iUjWDSRUI335NkMWVTUV351H56dqC/master.m3u8,BD,News
45,ShansonTV,http://cdn11.live247stream.com/tag/tv/playlist.m3u8,CA,News
46,AyushTV,https://epiconvh.s.llnwi.net/filamchi/master_1024.m3u8,CH,Movie
47,Cine Voice,http://39.134.115.163:8080/PLTV/88888910/224/3221225632/index.m3u8,CN,Movie
48,CineMax,http://39.134.115.163:8080/PLTV/88888910/224/3221225633/index.m3u8,CN,Sports
49,Jamuna News,https://5b464b69d264e.streamlock.net/Channels_live/ngrp:amordiscos_all/playlist.m3u8,CO,Music
50,Music INDIA,http://k3.usastreams.com/CableLatino/88stereo/playlist.m3u8,CR,Music
51,Deepto TV,http://bibeltv03.iptv-playoutcenter.de/bibeltv03/bibeltv03.stream_1/playlist.m3u8,DE,Music
52,RakutenTVActionMoviesGermany,https://rakuten-actionmovies-3-eu.rakuten.wurl.tv/playlist.m3u8,DE,Movie
53,RakutenTVComedyMoviesGermany,https://rakuten-comedymovies-3-eu.rakuten.wurl.tv/playlist.m3u8,DE,Movie
54,Metal Music 1,https://streamtv.mediasector.es/hls/activatv/.m3u8,ES,Music
55,NazranaMusic,https://limited38.todostreaming.es/live/101tv-web101tv.m3u8,ES,News
56,NDTVIndia,https://limited38.todostreaming.es/live/101tv-AntequeraHD.m3u8,ES,Music
57,DilSe,https://eco.streams.ovh/BarazaTV/BarazarazaTV/BarazaTV/playlist.m3u8,GR,Music
58,Bangla 21,http://14.199.164.20:4001/play/a0j5/index.m3u8,IN,Entertainment
59,BanglaVision,http://14.199.164.20:4001/play/a0pc/index.m3u8,IN,Entertainment
60,1Plus1Sport,https://nbn.chowdhury-shaheb.com/live/star-gold-select_720p/chunks.m3u8,IND,Movie
61,24Kanal,https://d2q8p4pe5spbak.cloudfront.net/bpk-tv/sangeetbangla/sangeetbangla.isml/sangeetbangla-audio_208482_und=208000-video=877600.m3u8,IND,Music
62,30AMusic,https://epiconvh.s.llnwi.net/showbox/master_1024.m3u8,IND,Music
63,9XM IN,https://593b04c4c5670.streamlock.net:443/8002/8002/playlist.m3u8,IND,Music
64,AajTak IN,http://51.210.199.18/hls/stream.m3u8,IND,Entertainment
65,AllSports,http://208.86.19.13:81/733.stream/index.m3u8,IND,Music
66,Amar Bangla,http://d2q8p4pe5spbak.cloudfront.net/bpk-tv/musicindia/musicindia.isml/.m3u8,IND,Music
67,AmericanClassics,http://144.217.70.181:9587/hin2/MTVBEATSHD/tracks-v1a1/mono.m3u8,IND,Music
68,ArmeniaJanTV,https://eu-fr.tvapp.icu/joomusic/tv/playlist.m3u8,IND,Movie
69,Ashrafi Channel,http://208.86.19.13:81/617.stream/index.m3u8,IND,Movie
70,BibelTVMusik,http://14.199.164.20:4001/play/a0tm/index.m3u8,IND,Movie
71,BillBoard,http://14.199.164.20:4001/play/a0o5/index.m3u8,IND,Movie
72,BollywoodHDRussia,http://103.199.161.254/Content/ddsports/Live/Channel(DDSPORTS)/index.m3u8,IND,Sports
73,BoogleBollywood,http://103.199.161.254/Content/ddnational/Live/Channel(DDNational)/Stream(01)/index.m3u8,IND,Movie
74,Cumilla 24,http://14.199.164.20:4001/play/a0su/index.m3u8,IND,Movie
75,Dabangg,http://live.agmediachandigarh.com/booglebollywood/774e3ea9f3fa9bcdac47f445b83b6653.sdp/index.m3u8,IND,Movie
76,DaeguMBCTV,http://live.agmediachandigarh.com/booglebollywood/774e3ea9f3fa9bcdac47f445b83b6653.sdp/index.m3u8,IND,Movie
77,Dhamaal,https://stream.mux.com/e8ustDL8hTiGTkCkE9JLpdJ5uCMcokzn.m3u8,IND,Movie
78,DreamWorksChannelAsia,http://45.127.56.3:7698/live/Corpus-POL/SRV2/4/BANGLA-TALKIES/video.m3u8,IND,Music
79,Enter10Bangla,http://103.199.160.85/Content/moviehouse/Live/Channel(MovieHouse)/index.m3u8,IND,Movie
80,Family Flix,http://103.199.160.85/Content/moviehouse/Live/Channel(MovieHouse)/index.m3u8,IND,Movie
81,GaaN Bangla,https://live.hungama.com/linear/artist-aloud/playlist.m3u8,IND,Music
82,Jalsha Movies,https://tempx.jagobd.com:441/c5V6mmMyX7RpbEU9Mi8xNy8yMDEOGIDU6RgzQ6NTAgdEoaeFzbF92YWxIZTO0U0ezN1IzMyfvcGVMZEJCTEFWeVN3PT0mdFsaWRtaW51aiPhnPTI/anandatv.stream/chunks.m3u8,IND,Drama
83,MTV Beats,http://14.199.164.20:4001/play/a0mx/index.m3u8,IND,Music
84,MTV Biggest POP,http://14.199.164.20:4001/play/a0nc/index.m3u8,IND,Music
85,Music Top,http://103.199.161.254/Content/7smusic/Live/Channel(7smusic)/index.m3u8,IND,Music
86,NRB TV,http://144.217.70.181:9587/hin2/UTVMOVIESHD/tracks-v1a1/mono.m3u8,IND,Movie
87,PopPataka,http://akalmultimedia.net:1935/gdnslive/gdns-live/chunklist.m3u8,IND,Entertainment
88,PunjabiZindabadTV,https://media.streambrothers.com:1936/8522/8522/playlist.m3u8,IND,Entertainment
89,RadioHit,http://cdn12.henico.net:8080/live/jbani/index.m3u8,IND,Entertainment
90,RadioShanson,https://live.wmncdn.net/jantatv/live.stream/index.m3u8,IND,Entertainment
91,Retro Music,http://159.203.9.134/hls/jhanjar_music/jhanjar_music.m3u8,IND,Music
92,Roal TV,https://live.hungama.com/linear/kadak-hits/playlist.m3u8,IND,Music
93,RodnoeKino,http://103.81.104.118/hls/stream8.m3u8,IND,Entertainment
94,RTV Music,http://208.115.215.42/Utsav_Gold_HD/index.m3u8,IND,Movie
95,Sangsad TV,https://cdn30.liveonlineservices.com/hls/tagtv.m3u8,IND,News
96,Show Box,https://vidcdn.vidgyor.com/kat-origin/liveabr/playlist.m3u8,IND,News
97,Shubhsandesh,http://103.199.160.85/Content/masthi/Live/Channel(Masthi)/index.m3u8,IND,Music
98,SonyBBCEarthHD,https://live.wmncdn.net/highnews/swaraj.stream/index.m3u8,IND,Entertainment
99,SpacetoonArabic,http://208.115.215.42/Utsav_Plus_HD/playlist.m3u8,IND,Drama
100,SpacetoonIndonesia,http://103.81.104.118/hls/stream19.m3u8,IND,Movie
101,Star Gold,http://103.81.104.118/hls/stream5.m3u8,IND,Entertainment
102,Star Hollywood,https://6284rn2xr7xv-hls-live.wmncdn.net/shubhsandeshtv1/live123.stream/index.m3u8,IND,Religious
103,StarGoldHD,http://rtmp.smartstream.video:1935/mhoneshradha/mhoneshradha/playlist.m3u8,IND,Religious
104,StarPlusHD,http://stream.pztv.online/pztv/playlist.m3u8,IND,Entertainment
105,STRK,https://live.hungama.com/linear/pop-pataka/playlist.m3u8,IND,Music
106,Wild Side,https://namdhari.tv/live/sbs1.m3u8,IND,Entertainment
107,Xite Music (DE),https://live.hungama.com/linear/nazrana/playlist.m3u8,IND,Music
108,YonhapNewsTV,https://ndtvindiaelemarchana.akamaized.net/hls/live/2003679/ndtvindia/master.m3u8,IND,Entertainment
109,ZharPtitsa,https://6zklxbgpdw9b-hls-live.5centscdn.com/next/c9a1fdac6e082dd89e7173244f34d7b3.sdp/playlist.m3u8,IND,Entertainment
110,Zoom,https://vidcdn.vidgyor.com/news24-origin/liveabr/news24-origin/live1/playlist.m3u8,IND,News
111,Dhinchaak2,https://raw.githubusercontent.com/taodicakhia/IPTV_Exception/master/channels/af/tolomusic.m3u8,INT,Music
112,FirstMusicChannelRussiaHD,http://ott-cdn.ucom.am/s73/index.m3u8,INT,Music
113,GDNSLudhiana,http://ott-cdn.ucom.am/s42/index.m3u8,INT,Music
114,101TeleAntequera,https://live.tvdhaka.com:30443/live/telefilm/chunks.m3u8,INT,Movie
115,3/24,https://somoy.appv.jagobd.com:444/somoy/somoyt000011226615544544.stream/playlist.m3u8,INT,News
116,7SMusic,http://103.106.2.149:13456/sangsad.m3u8,INT,News
117,88Stereo,https://bd.jagobd.com:444/c2VydmVyX4RpbEU9Mi8xNy8yMDE0GIDU6RgzQ6NTAgdEoaeFzbF92YWxIZTO0U0ezN1IzMyfvcGVMZEJCTEFWeVN3PTOmdFsaWRtaW51aiPhnPTI/rtvmusic.stream/live-orgin/rtvmusic.stream/chunks.m3u8,INT,Music
118,9XJhakaas,https://tempskyview.jagobd.com:441/c5V6mmMyX7RpbEU9Mi8xNy8yMDEOGIDU6RgzQ6NTAgdEoaeFzbF92YWxIZTO0U0ezN1IzMyfvcGVMZEJCTEFWeVN3PT0mdFsaWRtaW51aiPhnPTI/royaltv.stream/chunks.m3u8,INT,Entertainment
119,AajTak BD,https://bd.jagobd.com:444/c2VydmVyX4RpbEU9Mi8xNy8yMDE0GIDU6RgzQ6NTAgdEoaeFzbF92YWxIZTO0U0ezN1IzMyfvcGVMZEJCTEFWeVN3PTOmdFsaWRtaW51aiPhnPTI/rtv-sg.stream/live-orgin/rtv-sg.stream/chunks.m3u8,INT,Entertainment
120,AbuDhabiSports 2,https://tempskyview.jagobd.com:441/c5V6mmMyX7RpbEU9Mi8xNy8yMDEOGIDU6RgzQ6NTAgdEoaeFzbF92YWxIZTO0U0ezN1IzMyfvcGVMZEJCTEFWeVN3PT0mdFsaWRtaW51aiPhnPTI/nrb-eu.stream/chunks.m3u8,INT,Entertainment
121,ACCNetwork,https://bd.jagobd.com:444/c2VydmVyX4RpbEU9Mi8xNy8yMDE0GIDU6RgzQ6NTAgdEoaeFzbF92YWxIZTO0U0ezN1IzMyfvcGVMZEJCTEFWeVN3PTOmdFsaWRtaW51aiPhnPTI/news24local.stream/live-orgin/news24local.stream/chunks.m3u8,INT,News
122,AdventureSports,http://nandansyst.com/hls/nandan.m3u8,INT,Entertainment
123,Afrobeats,https://tempskyview.jagobd.com:441/c5V6mmMyX7RpbEU9Mi8xNy8yMDEOGIDU6RgzQ6NTAgdEoaeFzbF92YWxIZTO0U0ezN1IzMyfvcGVMZEJCTEFWeVN3PT0mdFsaWRtaW51aiPhnPTI/nantv.stream/chunks.m3u8,INT,Entertainment
124,Al Jazeera FHD,https://tempskyview.jagobd.com:441/c5V6mmMyX7RpbEU9Mi8xNy8yMDEOGIDU6RgzQ6NTAgdEoaeFzbF92YWxIZTO0U0ezN1IzMyfvcGVMZEJCTEFWeVN3PT0mdFsaWRtaW51aiPhnPTI/nantv.stream/chunks.m3u8,INT,News
125,Al Jazeera HD,https://tempx.jagobd.com:441/c5V6mmMyX7RpbEU9Mi8xNy8yMDEOGIDU6RgzQ6NTAgdEoaeFzbF92YWxIZTO0U0ezN1IzMyfvcGVMZEJCTEFWeVN3PT0mdFsaWRtaW51aiPhnPTI/mytv-up-off.stream/chunks.m3u8,INT,Drama
126,Amordiscos,https://tempx.jagobd.com:441/c5V6mmMyX7RpbEU9Mi8xNy8yMDEOGIDU6RgzQ6NTAgdEoaeFzbF92YWxIZTO0U0ezN1IzMyfvcGVMZEJCTEFWeVN3PT0mdFsaWRtaW51aiPhnPTI/moviebanglalink2.stream/chunks.m3u8,INT,Movie
127,Anibox,https://bd.jagobd.com:444/c2VydmVyX4RpbEU9Mi8xNy8yMDE0GIDU6RgzQ6NTAgdEoaeFzbF92YWxIZTO0U0ezN1IzMyfvcGVMZEJCTEFWeVN3PTOmdFsaWRtaW51aiPhnPTI/mohonatv00000223232244556633.stream/live-orgin/mohonatv00000223232244556633.stream/chunks.m3u8,INT,Movie
128,AnimeTV,http://45.125.221.114:1935/live/megnatv/chunklist.m3u8,INT,Drama
129,Aniplus,https://cdn.appv.jagobd.com:444/live-orgin/magicbanglatv.stream/chunks.m3u8,INT,Kids
130,ArmeniaHayKino,https://server1.jadubd.com/ktvbangla/ktvbangla/playlist.m3u8,INT,Entertainment
131,ArtistAloud,https://bd.jagobd.com:444/c2VydmVyX4RpbEU9Mi8xNy8yMDE0GIDU6RgzQ6NTAgdEoaeFzbF92YWxIZTO0U0ezN1IzMyfvcGVMZEJCTEFWeVN3PTOmdFsaWRtaW51aiPhnPTI/jamuna-test-sample-ok.stream/live-orgin/jamuna-test-sample-ok.stream/chunks.m3u8,INT,News
132,AsianetNews,http://162.244.81.142:1935/live/livestream/playlist.m3u8?@amarnettv.live,INT,News
133,1HDMusicTelevision,http://iptv.prosto.tv:7000/ch50/video.m3u8,INT,Movie
134,247CanaldeNoticias,https://bravo.kugo.id/spacetoon/udp.stream/playlist.m3u8,INT,Kids
135,24HourFreeMovies,https://shls-spacetoon-prod-dub.shahid.net/out/v1/6240b773a3f34cca95d119f9e76aec02/index.m3u8,INT,Kids
136,ActivaTV,http://live.netmaxtv.com:8080/live/live/playlist.m3u8,INT,Movie
137,Al Jazeera SD,https://mytime-tcl.amagi.tv/playlist.m3u8,INT,Movie
138,AlfaSport,http://live-edge01.telecentro.net.ar:80/live/msctphd-720/chunklist_w1210381560.m3u8,INT,Music
139,AmediaHit,http://pluto-live.plutotv.net/egress/chandler/pluto01/live/VIACBS02/master.m3u8,INT,Music
140,AmericanHorrors,https://dje6yassknq8t.cloudfront.net/playlist.m3u8,INT,Movie
141,Anando TV,https://moviesphere-roku.amagi.tv/playlist720lp.m3u8,INT,Movie
142,AnimaxAsia,https://v2.catcast.tv/content/33816/index.m3u8,INT,Music
143,AnimaxKorea,http://v1.catcast.me/content/33816/index.m3u8,INT,Music
144,AntenaSport,http://bitcdn-kronehit.bitmovin.com/v2/hls/chunklist_b3128000.m3u8,INT,Music
145,ArabicaTV,https://srv1.zcast.com.br/kpoptv/kpoptv/playlist.m3u8,INT,Music
146,ATG,https://v2.catcast.tv/content/38801/index.m3u8,INT,Movie
147,ATVFilmzone,http://ip2121.com:8081/live/hbo/playlist.m3u8,INT,Movie
148,ATX,http://14.199.164.20:4001/play/a0qx/index.m3u8,INT,Entertainment
149,BahrainSports2,http://longstream-03.ajaah.com/PlayBoxTV/SaharaFilmy/playlist.m3u8,INT,Movie
150,Bangla 21,https://linear-137.frequency.stream/dist/localnow/137/hls/master/playlist.m3u8,INT,Movie
151,Bangla TV,http://208.86.19.13:81/604.stream/index.m3u8,INT,News
152,BarazaTV,http://m-c01-j2apps.s.llnwi.net/hls/0950.DabanggTV.in_480p/index.m3u8,INT,Movie
153,BBSTV,https://stmv3.voxtvhd.com.br/dreikotv/dreikotv/playlist.m3u8,INT,Kids
154,BD LIVE,https://allanf181.github.io/adaptive-streams/streams/us/DreamWorksChannelAsia.m3u8,INT,Kids
155,BestCableMasCumbia,https://dai.google.com/linear/hls/event/dfbBGQhPQQqypdEAjpUGlA/master.m3u8,INT,Movie
156,BestCableSportsPeru,https://live.hungama.com/linear/dil-se/playlist.m3u8,INT,Music
157,BilliardsTV,https://live.hungama.com/linear/dhamaal/playlist.m3u8,INT,Music
158,BloodyDisgusting,https://live.wmncdn.net/desichannel/7e2dd0aed46b70a5c77f4affdb702e4b.sdp/mono.m3u8,INT,Music
159,BOXCinema,https://dbmtv.vedge.infomaniak.com/livecast/smil:dbmtv.smil/manifest.m3u8,INT,Music
160,Brat TV,https://vcndstv.teleosmedia.com/stream/dstv/dstv/playlist.m3u8,INT,Music
161,CanalMotor,https://contvanime-littlstar.cinedigm.com/ingest/master.m3u8,INT,Kids
162,CaptitalOTBBetting,https://live.obslivestream.com/cdeportivo/index.m3u8,INT,Sports
163,CBSTV,https://dai.google.com/linear/hls/event/o8Smo_gsSAm26uW9Xkww_g/master.m3u8,INT,Movie
164,CCTV6,https://5592f056abba8.streamlock.net/citytv/citytv/playlist.m3u8,INT,Music
165,CelestialMovies,http://ip2121.com:8081/live/cinemax/playlist.m3u8,INT,Movie
166,Channel 24,https://dai.google.com/linear/hls/event/PFJ1Jhd6SsSMcu3qq86wzQ/master.m3u8,INT,Movie
167,Channel TV,https://stream-us-east-1.getpublica.com/playlist.m3u8,INT,Sports
168,Cine Life,http://210.210.155.37/dr9445/h/h14/index.m3u8,INT,Movie
169,City Music,https://d2up1hmow19bcd.cloudfront.net/livecf/liveracing/playlist.m3u8,INT,Sports
170,CJOnStyle,http://digicom.hls.iptvdc.com/canalmotor/index.m3u8,INT,Sports
171,Colors Bangla HD,https://d2ve4fchffi4n1.cloudfront.net/out/v1/df356edd16f3434ab417f2c48cb1d516/index.m3u8,INT,Sports
172,ContactoDeportivo,https://brat-rakuten.amagi.tv/playlist.m3u8,INT,Movie
173,DD National,https://bloodydisgusting-ingest-roku-us.cinedigm.com/playlist.m3u8,INT,Movie
174,DDNational,https://allanf181.github.io/adaptive-streams/streams/kr/BilliardsTV.m3u8,INT,Movie
175,DDSports,http://51.210.199.29/hls/stream.m3u8,INT,Music
176,DesheBideshe,https://tv.inka.net.pe/bestcablesports/bestcablesports/index.m3u8,INT,Movie
177,DocuBayTV,https://eco.streams.ovh/BarazaTV/BarazarazaTV/BarazaTV/playlist.m3u8,INT,Music
178,DUBBANG Tv,https://5c7b683162943.streamlock.net/live/ngrp:bahrainsportstwo_all/playlist.m3u8,INT,Sports
179,E24,https://allanf181.github.io/adaptive-streams/streams/kr/BadukTV.m3u8,INT,Sports
180,FAN,https://sub2.neetball.net/live/neet.m3u8,INT,Kids
181,FirstMusicChannel4K,http://ott-cdn.ucom.am/s94/index.m3u8,INT,Movie
182,FirstMusicChannelRussiaHD,http://ott-cdn.ucom.am/s48/index.m3u8,INT,Movie
183,FirstMusicChannelRussiaHD,https://httpcache0-00688-cacheliveedge0.dna.qbrick.com/00688-cacheliveedge0/out/u/atg_sdi_1_free.m3u8,INT,Sports
184,FoodFood,https://allanf181.github.io/adaptive-streams/streams/kr/AsiaN.m3u8,INT,Movie
185,GlobalPunjab,http://ott-cdn.ucom.am/s22/index.m3u8,INT,Movie
186,HBO,https://stream1.antenaplay.ro/dfs/farasecrete5/playlist.m3u8,INT,Sports
187,HulchulTVCanada,https://allanf181.github.io/adaptive-streams/streams/kr/Aniplus.m3u8,INT,Kids
188,Independent,https://allanf181.github.io/adaptive-streams/streams/kr/Anione.m3u8,INT,Kids
189,InetTV,https://stmv1.srvif.com/animetv/animetv/playlist.m3u8,INT,Kids
190,IPTVPLAYFantastika,https://allanf181.github.io/adaptive-streams/streams/kr/AnimaxKorea.m3u8,INT,Kids
191,ITV,https://livecdn.fptplay.net/hda3/animaxport_vhls.smil/playlist.m3u8,INT,Kids
192,iTv Music (Turkty),https://allanf181.github.io/adaptive-streams/streams/kr/Anibox.m3u8,INT,Kids
193,JantaTV,http://170.178.189.66:1935/live/Stream1/playlist.m3u8,INT,Movie
194,JhanjarMusic,https://dai2.xumo.com/amagi_hls_data_xumo1212A-redboxamericanclassics/CDN/playlist.m3u8,INT,Movie
195,JooMovies,https://okkotv-live.cdnvideo.ru/channel/Amedia_Hit_HD.m3u8,INT,Movie
196,KadakHits,https://5cf4a2c2512a2.streamlock.net/dgrau/dgrau/playlist.m3u8,INT,Sports
197,KanshiTV,https://dev.aftermind.xyz/edge-hls/unitrust/alfasports/index.m3u8?token=8TXWzhY3h6jrzqEqu,INT,Sports
198,KhabrainAbhiTak,https://www.hellasnet.tv/rest.live.hn/ws.alf/playlist.m3u8,INT,Movie
199,K-POP Music,http://two.alfajertv.com:8081/AlfajertvHDTwo_web/web/playlist.m3u8,INT,Movie
200,Meghna,https://gizmeon.s.llnwi.net/channellivev3/live/master.m3u8?channel=275,INT,Sports
201,Metal Music 2,https://a.jsrdn.com/broadcast/542cb2ce3c/+0000/c.m3u8,INT,Sports
202,MHOneShraddha,https://admdn5.cdn.mangomolo.com/adsports2/smil:adsports2.stream.smil/playlist.m3u8,INT,Sports
203,Mohona,https://admdn1.cdn.mangomolo.com/adsports1/smil:adsports1.stream.smil/playlist.m3u8,INT,Sports
204,Movies Hub,https://g1.vxral-hor.transport.edge-access.net/a15/ngrp:a24-100056_all/a24-100056.m3u8,INT,News
205,MTA7Asia,https://d2q8p4pe5spbak.cloudfront.net/bpk-tv/9XM/9XM.isml/index.m3u8,INT,Music
206,Music India,https://securecontributions.sechls01.visionip.tv/live/securecontributions-securecontributions-92_news-hsslive-25f-16x9-SD/chunklist.m3u8,INT,News
207,MuzSoyuz,http://sochinskayatrk.ru/hdtv/hls/43Channel_hd/playlist.m3u8,INT,Movie
208,My Time,https://directes-tv-int.ccma.cat/live-content/canal324-hls/master.m3u8,INT,News
209,My TV,http://streamvideol1.luxnet.ua/news24/smil:news24.stream.smil/playlist.m3u8,INT,News
210,NamdhariTV,https://d15690s323oesy.cloudfront.net/v1/master/9d062541f2ff39b5c0f48b743c6411d25f62fc25/UDU-Plex/158.m3u8,INT,Movie
211,Nan T,https://59c5c86e10038.streamlock.net/6605140/6605140/playlist.m3u8,INT,News
212,Nan T,https://live-k2301-kbp.1plus1.video/sport/smil:sport.smil/playlist.m3u8,INT,Sports
213,News 24,https://xite-samsung-de.amagi.tv/playlist.m3u8,INT,Music
214,News24,https://versatile-wildsidetv-1-fr.samsung.wurl.tv/playlist.m3u8,INT,Movie
215,O2,http://144.217.70.181:9587/hin2/UTVACTION/index.m3u8,INT,Movie
216,OCNThrills,https://allanf181.github.io/adaptive-streams/streams/kr/Tooniverse.m3u8,INT,Kids
217,R TV,http://cdn12.henico.net:8080/live/gsctv/index.m3u8,INT,Entertainment
218,Somoy News,https://chlivemta1.akamaized.net/hls/live/2008145/mta2/playlist.m3u8,INT,Entertainment
219,ATVKinoman,https://95-213-224-183.livesports24.online/uafootballua1.m3u8,KOR,Sports
220,Channel 9,https://allanf181.github.io/adaptive-streams/streams/kr/ChunghwaTV.m3u8,KOR,Movie
221,Channel S,https://allanf181.github.io/adaptive-streams/streams/kr/ChannelOllehTV.m3u8,KOR,Movie
222,Ekattor TV,http://stream.backustv.ru/live/btv2/index.m3u8,KOR,Movie
223,Ekhon Kolkata,http://stream.backustv.ru/live/btv/index.m3u8,KOR,Movie
224,SwarajExpressSMBC,http://bbstv.clouducs.com:1935/bbstv-live/livestream/playlist.m3u8,KOR,Religious
225,TAGTV,http://cbs-live.gscdn.com/cbs-live/cbs-live.stream/playlist.m3u8,KOR,Entertainment
226,TAGTV,http://51.81.66.195:1935/krtv/channela_540/playlist.m3u8,KOR,Entertainment
227,TeliFilm TV,https://live-ch1.cjonstyle.net/cjmalllive/stream2/playlist.m3u8,KOR,Entertainment
228,TNTMusic,https://stream.chmbc.co.kr/live/TV/playlist.m3u8,KOR,Entertainment
229,Tooniverse,https://ns1.tjmbc.co.kr/live/myStream.sdp/playlist.m3u8,KOR,Entertainment
230,TRT World,https://5ee1ec6f32118.streamlock.net/live/livetv/playlist.m3u8,KOR,Entertainment
231,TVNAsia,http://51.81.66.195:1935/krtv/newsy_540/playlist.m3u8,KOR,News
232,TVNMovies,http://live.worktv.or.kr:1935/live/wowtvlive1.sdp/playlist.m3u8,KOR,Entertainment
233,tvNShow,http://51.81.66.195:1935/krtv/xtm_540/playlist.m3u8,KOR,Entertainment
234,TVWorkNet,http://210.210.155.35/dr9445/h/h21/index.m3u8,KOR,Movie
235,UtsavGold,http://210.210.155.37/dr9445/h/h20/index.m3u8,KOR,Entertainment
236,UTV Action,http://51.81.66.195:1935/krtv/cgv_540/playlist.m3u8,KOR,Movie
237,UTV Hollywood,http://51.81.66.195:1935/krtv/super_action_540/playlist.m3u8,KOR,Movie
238,Voice TV,http://51.81.66.195:1935/krtv/inet_540/playlist.m3u8,KOR,Music
239,GurSikhSabhaTV,http://istream.binarywaves.com:8081/hls/arabica/playlist.m3u8,LB,Music
240,Deshi TV,https://tv.inka.net.pe/bestcablemusic/bestcablemusic/index.m3u8,PE,Music
241,Desi,https://tv.inka.net.pe/mascumbiatvonline/mascumbiatvonline/index.m3u8,PE,Music
242,101TVMalaga,http://sochinskayatrk.ru/hdtv/hls/strc_hd/playlist.m3u8,RU,Movie
243,43kanal,http://hls.shansontv.cdnvideo.ru/shansontv/shansontv.sdp/playlist.m3u8,RU,Music
244,92NewsUK,https://sc.id-tv.kz/Rodnoe_kino.m3u8,RU,Movie
245,9XJalwa,http://api.new.livestream.com/accounts/22300522/events/6680139/live.secure.m3u8,RU,Music
246,9XM RU,http://chanson-video.hostingradio.ru:8080/hls/chansonabr/live.m3u8,RU,Music
247,A24,http://lova.me/hls/hithd.m3u8,RU,Music
248,AbuDhabiSports,https://strm.yandex.ru/kal/o2/o20.m3u8,RU,Music
249,AlfaDramas,https://okkotv-live.cdnvideo.ru/channel/MuzTV.m3u8,RU,Music
250,AL-Fajer Movies,http://hls-tvsoyuz.cdnvideo.ru/tvsoyuz2/muzsoyuz.6fw0-58xp-acts-esy0/playlist.m3u8,RU,Music
251,Anione,https://public.streaming.matur-tv.ru/hls/h264_aac/stream.m3u8,RU,Music
252,B4U Kadak,http://rtmp.one.by:2300,RU,Music
253,B4UKadak,http://rtmp.one.by:2200,RU,Music
254,BackusTV,http://rtmp.one.by:1300,RU,Music
255,BackusTVStrashnoe,http://hz1.teleport.cc/HLS/SD.m3u8,RU,Music
256,BadukTV,http://rtmp.one.by:1499,RU,Music
257,DaejeonMBCTV,https://sc.id-tv.kz/bollywood_hd.m3u8,RU,Movie
258,NANDAN TV,https://sc.id-tv.kz/1hd.m3u8,RU,Music
259,Net-Max TV,http://streamer.rtcommufa.ru:1935/ptica/ptica1/playlist.m3u8,RU,Music
260,PersianaJunior,http://83.222.205.65:8080/tntmusic/index.m3u8,RU,Music
261,MuzhskoeKino,https://sc.id-tv.kz/Mujskoe_kino_hd.m3u8,RU,Movie
262,Kinohit,https://sc.id-tv.kz/Kinohit_hd.m3u8,RU,Movie
263,Kinosemja,https://sc.id-tv.kz/Kinosemiya_hd.m3u8,RU,Movie
264,Kinosvidanie,https://sc.id-tv.kz/Kinosvidanie_hd.m3u8,RU,Movie
265,Kinopremyera,https://sc.id-tv.kz/Kinopremiera_hd.m3u8,RU,Movie
266,Kinomiks,https://sc.id-tv.kz/Kinomix_hd.m3u8,RU,Movie
267,AsiaN,https://itv.streams.ovh/magictv/magictv/chunklist_w824092799.m3u8,TUR,Music
268,CONtvAnime,"https://csm-e-boxplus.tls1.yospace.com/csm/extlive/boxplus01,boxhits-alldev.m3u8",UK,Music
269,MaturTV,https://stream.ecable.tv/afrobeats/index.m3u8,UK,Music
270,Rock.Land Radio,https://live.kanshitv.co.uk/mobile/kanshitvkey.m3u8,UK,Entertainment
271,BaebleMusic,http://194.9.27.164:8103/play/FAN/index.m3u8,US,Kids
272,Channel i,http://content.uplynk.com/channel/37eb732888614810b512fdd82604244e.m3u8,US,Movie
273,Duronto TV,https://dai2.xumo.com/amagi_hls_data_xumo1212A-redboxbaeble/CDN/playlist.m3u8,US,Music
274,MuzTV,https://30a-tv.com/music.m3u8,US,Music
275,A3bikini,https://vcnbikininetwork.teleosmedia.com/stream/bikininetwork/a3bikini/playlist.m3u8,INT,Fashion
276,Fashion Mid-Night TV,https://fash1043.cloudycdn.services/slive/_definst_/ftv_ftv_midnite_k1y_27049_midnite_secr_108_hls.smil/chunklist_b2800000_t64NzIwcA==.m3u8,INT,Fashion
277,Fashion Night TV,http://fash1043.cloudycdn.services/slive/_definst_/ftv_midnite_secrets_adaptive.smil/chunklist_b4700000_t64MTA4MHA=.m3u8,INT,Fashion
278,Fashion Secrets TV,https://fash1043.cloudycdn.services/slive/_definst_/ftv_ftv_midnite_k1y_27049_midnite_secr_108_hls.smil/chunklist.m3u8,INT,Fashion
279,Fashion Tokoy TV,http://fash1043.cloudycdn.services/slive/_definst_/ftv_ftv_pg13_zw9_27065_ftv_pg13_196_hls.smil/chunklist_b4700000_t64MTA4MHA=.m3u8,JP,Fashion
280,Fashion TV,https://fashiontv-fashiontv-3-it.samsung.wurl.com/manifest/playlist.m3u8,INT,Fashion
281,FTv CS,http://lb.streaming.sk/fashiontv/stream/playlist.m3u8,CS,Fashion
282,FTv Films,https://fash1043.cloudycdn.services/slive/_definst_/ftv_ftv_pg13_zw9_27065_ftv_pg13_196_hls.smil/chunklist_b4700000_t64MTA4MHA=.m3u8,INT,Fashion
283,FTv PG,https://fash1043.cloudycdn.services/slive/_definst_/ftv_pg16_adaptive.smil/playlist.m3u8,INT,Fashion
284,FTVMidnightSecrets,https://fash1043.cloudycdn.services/slive/ftv_ftv_midnite_k1y_27049_midnite_secr_108_hls.smil/playlist.m3u8,FR,Fashion
285,Global Fashon 4K TV,http://vcngfc1.teleosmedia.com/stream/globalfashionchannel/globalfashionchannel/seglist_720p.m3u8,INT,Fashion
286,JennyLive TV,https://59ec5453559f0.streamlock.net/JennyLive/JennyLive/playlist.m3u8,INT,Fashion
287,World Fashon 4K TV,http://wfcint.mediacdn.ru/cdn/wfcint/playlist_hdhigh.m3u8,INT,Fashion
288,AdultSwim 1,https://adultswim-vodlive.cdn.turner.com/live/aqua-teen/stream_de.m3u8,INT,Anime
289,AdultSwim 2,https://adultswim-vodlive.cdn.turner.com/live/rick-and-morty/stream_de.m3u8,INT,Anime
290,AdultSwim 3,https://adultswim-vodlive.cdn.turner.com/live/robot-chicken/stream_de.m3u8,INT,Anime
291,AdultSwim 4,https://adultswim-vodlive.cdn.turner.com/live/samurai-jack/stream_de.m3u8,INT,Anime
292,AdultSwim 5,https://adultswim-vodlive.cdn.turner.com/live/venture-bros/stream_de.m3u8,INT,Anime
293,AdultIPTv-Anal,http://cdn.adultiptv.net/anal.m3u8,US,Adult
294,AdultIPTv-Asian,http://cdn.adultiptv.net/asian.m3u8,US,Adult
295,AdultIPTv-Bigass,http://cdn.adultiptv.net/bigass.m3u8,US,Adult
296,AdultIPTv-Bigdick,http://cdn.adultiptv.net/bigdick.m3u8,US,Adult
297,AdultIPTv-Bigtits,http://cdn.adultiptv.net/bigtits.m3u8,US,Adult
298,AdultIPTv-Blonde,http://cdn.adultiptv.net/blonde.m3u8,US,Adult
299,AdultIPTv-Blowjob,http://cdn.adultiptv.net/blowjob.m3u8,US,Adult
300,AdultIPTv-Bruntee,http://cdn.adultiptv.net/brunette.m3u8,US,Adult
301,AdultIPTv-Compilation,http://cdn.adultiptv.net/compilation.m3u8,US,Adult
302,AdultIPTv-Cuckold,http://cdn.adultiptv.net/cuckold.m3u8,US,Adult
303,AdultIPTv-Fetish,http://cdn.adultiptv.net/fetish.m3u8,US,Adult
304,AdultIPTv-Gangbang,http://cdn.adultiptv.net/gangbang.m3u8,US,Adult
305,AdultIPTv-Gay,http://cdn.adultiptv.net/gay.m3u8,US,Adult
306,AdultIPTv-Hardcore,http://cdn.adultiptv.net/hardcore.m3u8,US,Adult
307,AdultIPTv-Interracial,http://cdn.adultiptv.net/interracial.m3u8,US,Adult
308,AdultIPTv-Latina,http://cdn.adultiptv.net/latina.m3u8,US,Adult
309,AdultIPTv-Lesbians,http://cdn.adultiptv.net/lesbian.m3u8,US,Adult
310,AdultIPTv-Livecams,http://cdn.adultiptv.net/livecams.m3u8,US,Adult
311,AdultIPTv-Milfs,http://cdn.adultiptv.net/milf.m3u8,US,Adult
312,AdultIPTv-Pornstar,http://cdn.adultiptv.net/pornstar.m3u8,US,Adult
313,AdultIPTv-POV,http://cdn.adultiptv.net/pov.m3u8,US,Adult
314,AdultIPTv-Rough,http://cdn.adultiptv.net/rough.m3u8,US,Adult
315,AdultIPTv-Russian,http://cdn.adultiptv.net/russian.m3u8,RU,Adult
316,AdultIPTv-Teen,http://cdn.adultiptv.net/teen.m3u8,RU,Adult
317,AdultIPTv-Threesome,http://cdn.adultiptv.net/threesome.m3u8,RU,Adult
318,AdultIPTv-Women,http://live.redtraffic.net/woman.m3u8,RU,Adult
319,AdultIPTV.net Anal,http://live.adultiptv.net/anal.m3u8,INT,Adult
320,AdultIPTV.net Asian,http://live.adultiptv.net/asian.m3u8,INT,Adult
321,AdultIPTV.net Big Ass,http://live.adultiptv.net/bigass.m3u8,INT,Adult
322,AdultIPTV.net Big Dick,http://live.adultiptv.net/bigdick.m3u8,INT,Adult
323,AdultIPTV.net Big Tits,http://live.adultiptv.net/bigtits.m3u8,INT,Adult
324,AdultIPTV.net Blonde,http://live.adultiptv.net/blonde.m3u8,INT,Adult
325,AdultIPTV.net Blowjob,http://live.adultiptv.net/blowjob.m3u8,INT,Adult
326,AdultIPTV.net Brunette,http://live.adultiptv.net/brunette.m3u8,INT,Adult
327,AdultIPTV.net Compilation,http://live.adultiptv.net/compilation.m3u8,INT,Adult
328,AdultIPTV.net Cuckold,http://live.adultiptv.net/cuckold.m3u8,INT,Adult
329,AdultIPTV.net Fetish,http://live.adultiptv.net/fetish.m3u8,INT,Adult
330,AdultIPTV.net Gangbang,http://live.adultiptv.net/gangbang.m3u8,INT,Adult
331,AdultIPTV.net Gay,http://live.adultiptv.net/gay.m3u8,INT,Adult
332,AdultIPTV.net Hardcore,http://live.adultiptv.net/hardcore.m3u8,INT,Adult
333,AdultIPTV.net Interracial,http://live.adultiptv.net/interracial.m3u8,INT,Adult
334,AdultIPTV.net Latina,http://live.adultiptv.net/latina.m3u8,INT,Adult
335,AdultIPTV.net Lesbian,http://live.adultiptv.net/lesbian.m3u8,INT,Adult
336,AdultIPTV.net Live Cams,http://live.adultiptv.net/livecams.m3u8,INT,Adult
337,AdultIPTV.net MILF,http://live.adultiptv.net/milf.m3u8,INT,Adult
338,AdultIPTV.net Pornstar,http://live.adultiptv.net/pornstar.m3u8,INT,Adult
339,AdultIPTV.net POV,http://live.adultiptv.net/pov.m3u8,INT,Adult
340,AdultIPTV.net Rough,http://live.adultiptv.net/rough.m3u8,INT,Adult
341,AdultIPTV.net Russian,http://live.adultiptv.net/russian.m3u8,INT,Adult
342,AdultIPTV.net Teen,http://live.adultiptv.net/teen.m3u8,INT,Adult
343,AdultIPTV.net Threesome,http://live.adultiptv.net/threesome.m3u8,INT,Adult
344,ASTTV1,https://www.ast.tv/stream/1/master.m3u8,CY,Adult
345,ASTTV2,https://www.ast.tv/stream/2/master.m3u8,CY,Adult
346,BabyStation24,http://sdn-global-live-streaming-packager-cache.3qsdn.com/9528/9528_264_live.m3u8,ES,Adult
347,DorCel 21+,http://ipflix.click:8080/3rvvs1p95e/w2a1bam3x7/19679,INT,Adult
348,EroX 21+,http://ipflix.click:8080/3rvvs1p95e/w2a1bam3x7/13867,INT,Adult
349,ExtacyHDTv,http://213.151.233.20:8000/dna-6233-tv-pc.m3u8,ES,Adult
350,HoneyTV,https://allanf181.github.io/adaptive-streams/streams/kr/HoneyTV.m3u8,KOR,Adult
351,Hustler 18+,http://78.83.191.18:8000/play/a078,US,Adult
352,Hustler 21+,http://ipflix.click:8080/3rvvs1p95e/w2a1bam3x7/674060,US,Adult
353,MiamiTv-Latono,https://5ee7c2b857b7f.streamlock.net/latino/latino/playlist.m3u8,ES,Adult
354,MiamiTv-Mexico,https://59ec5453559f0.streamlock.net/mexicotv/smil:miamitvmexicoROKU/playlist.m3u8,ES,Adult
355,Midnight,https://allanf181.github.io/adaptive-streams/streams/kr/Midnight.m3u8,KOR,Adult
356,MyCamTv-Anal,http://live.mycamtv.com/anal.m3u8,CZ,Adult
357,MyCamTv-Asian,http://live.mycamtv.com/asian.m3u8,CZ,Adult
358,MyCamTv-Bigass,http://live.mycamtv.com/defstream.m3u8,CZ,Adult
359,MyCamTv-Bigtits,http://live.mycamtv.com/bigtits.m3u8,CZ,Adult
360,MyCamTv-Blonde,http://live.mycamtv.com/blonde.m3u8,CZ,Adult
361,MyCamTv-Bruntee,http://live.mycamtv.com/brunette.m3u8,CZ,Adult
362,MyCamTv-Ebony,http://live.mycamtv.com/medium.m3u8,CZ,Adult
363,MyCamTv-Latina,http://live.mycamtv.com/latina.m3u8,CZ,Adult
364,MyCamTv-Skinny,http://live.mycamtv.com/arab.m3u8,CZ,Adult
365,MyCamTv-Squirt,http://live.mycamtv.com/squirt.m3u8,CZ,Adult
366,MyCamTv-White,http://live.mycamtv.com/white.m3u8,CZ,Adult
367,PentHouse 21+,http://ipflix.click:8080/3rvvs1p95e/w2a1bam3x7/13862,US,Adult
368,PlayboyTVKorea,https://allanf181.github.io/adaptive-streams/streams/kr/PlayboyTVKorea.m3u8,KOR,Adult
369,Viki,https://allanf181.github.io/adaptive-streams/streams/kr/Viki.m3u8,KOR,Adult
370,Xmax,http://95.87.227.29:8080/XYMAX_FOR_PLATFORM/index.m3u8,UK,Adult
371,Xmin,http://95.87.227.29:8080/XYMIX_FOR_PLATFORM/index.m3u8,UK,Adult
372,XpandedTV,https://vod2t.xpanded.com/x3tv/index_wlan.m3u8,UK,Adult
373,XTv,https://stream.visit-x.tv/vxtv/ngrp:live_all/playlist.m3u8,UK,Adult
374,XYPlus,http://95.87.227.29:8080/XYPLUS_FOR_PLATFORM/index.m3u8,UK,Adult